{
  "whisper": {
    "layer": [
      0.0,
      0.25,
      0.5,
      0.75,
      1.0
    ],
    "r_model": [
      0.04670996591448784,
      0.06510540097951889,
      0.0646207258105278,
      0.06921776384115219,
      0.07441715896129608
    ],
    "r_joint": [
      0.0685613676905632,
      0.07145068049430847,
      0.07230426371097565,
      0.07467303425073624,
      0.07778482884168625
    ],
    "redundancy": [
      0.9835533499717712,
      0.8765863180160522,
      0.827595055103302,
      0.7783650755882263,
      0.7387605309486389
    ],
    "unique": [
      0.00048575509572401643,
      0.0024050818756222725,
      0.003451561788097024,
      0.0046835774555802345,
      0.005902974866330624
    ],
    "mel": [
      0.006653148680925369,
      0.008505837060511112,
      0.008710119873285294,
      0.008693227544426918,
      0.008320339024066925
    ],
    "gbfb": [
      0.006397901102900505,
      0.007456840947270393,
      0.007460824213922024,
      0.007470176089555025,
      0.0071604009717702866
    ],
    "phonetic": [
      0.0003259469522163272,
      0.0005332797300070524,
      0.0006432756199501455,
      0.0007449912372976542,
      0.0007844142382964492
    ],
    "syntactic": [
      0.0010154240299016237,
      0.0013774516992270947,
      0.0016041817143559456,
      0.0019226731965318322,
      0.002368207322433591
    ],
    "mel_denom": [
      0.010047447867691517,
      0.010047447867691517,
      0.010047447867691517,
      0.010047447867691517,
      0.010047447867691517
    ],
    "gbfb_denom": [
      0.008820530027151108,
      0.008820530027151108,
      0.008820530027151108,
      0.008820530027151108,
      0.008820530027151108
    ],
    "phonetic_denom": [
      0.0007555321790277958,
      0.0007555321790277958,
      0.0007555321790277958,
      0.0007555321790277958,
      0.0007555321790277958
    ],
    "syntactic_denom": [
      0.0023424297105520964,
      0.0023424297105520964,
      0.0023424297105520964,
      0.0023424297105520964,
      0.0023424297105520964
    ]
  },
  "qwen": {
    "layer": [
      0.0,
      0.25,
      0.5,
      0.75,
      1.0
    ],
    "r_model": [
      0.03314753621816635,
      0.04176457226276398,
      0.04260675609111786,
      0.04510992392897606,
      0.04718455299735069
    ],
    "r_joint": [
      0.06812536716461182,
      0.06991275399923325,
      0.06968849152326584,
      0.07024487107992172,
      0.0712083950638771
    ],
    "mel": [
      0.0010791405802592635,
      0.0017173897940665483,
      0.0018613511929288507,
      0.0018812310881912708,
      0.001827671192586422
    ],
    "gbfb": [
      0.000909430964384228,
      0.0014869918813928962,
      0.0015541465254500508,
      0.0016068746335804462,
      0.0015380396507680416
    ],
    "phonetic": [
      0.0006220231880433857,
      0.000725972990039736,
      0.0007175826467573643,
      0.0007229726179502904,
      0.0006552852573804557
    ],
    "syntactic": [
      0.0016092538135126233,
      0.002274664817377925,
      0.0023188951890915632,
      0.002321573905646801,
      0.0022303208243101835
    ],
    "mel_denom": [
      0.010047447867691517,
      0.010047447867691517,
      0.010047447867691517,
      0.010047447867691517,
      0.010047447867691517
    ],
    "gbfb_denom": [
      0.008820530027151108,
      0.008820530027151108,
      0.008820530027151108,
      0.008820530027151108,
      0.008820530027151108
    ],
    "phonetic_denom": [
      0.0007555321790277958,
      0.0007555321790277958,
      0.0007555321790277958,
      0.0007555321790277958,
      0.0007555321790277958
    ],
    "syntactic_denom": [
      0.0023424297105520964,
      0.0023424297105520964,
      0.0023424297105520964,
      0.0023424297105520964,
      0.0023424297105520964
    ]
  }
}